group,hourly_cents,overtime_supplement_cents,anlage8_overtime_total_cents,sunday_holiday_cents,sunday_holiday_combined_cents,night_cents,saturday_cents
eg1,1534,460,1994,537,767,384,230
eg2,1684,505,2190,589,842,421,253
eg3,1868,560,2428,654,934,467,280
eg4,1995,499,2494,698,997,499,299
eg5,2155,539,2693,754,1077,539,323
eg6,2229,557,2787,780,1115,557,334
eg7,2490,622,3112,871,1245,622,373
eg8,2734,547,3281,957,1367,683,410
eg9,2988,448,3436,1046,1494,747,448
eg10,3396,509,3905,1188,1698,849,509
eg11,3856,578,4434,1350,1928,964,578
eg12,4063,609,4672,1422,2031,1016,609
eg13,4591,689,5280,1607,2296,1148,689
