group,stufe1_cents,stufe2_cents,stufe3_cents,stufe4_cents,stufe5_cents,stufe6_cents
eg15,566912,603984,645336,701789,759861,798065
eg14,515396,548964,592803,641451,695678,734609
eg13,476762,513553,555435,600906,654414,683450
eg12,429543,471878,521352,576247,640661,671224
eg11,415335,454272,490859,530554,584879,615445
eg10,401219,431728,466410,504024,545910,559664
eg9c,390148,417364,446961,478853,513137,537714
eg9b,367689,392900,408907,456279,484349,516865
eg9a,355896,377232,398606,446184,456948,484433
eg8,339144,359659,373868,388366,404037,411573
eg7,320523,344158,358238,372447,386094,393506
eg6,315204,334655,348294,361792,375049,381926
eg5,303899,322767,335511,349006,361547,368028
eg4,291262,310355,326375,336348,346320,352160
eg3,287269,307802,312799,324221,332792,340643
eg2,269216,289428,294467,301658,317463,333997
eg1,,246552,249886,254055,257942,267947
